[
  {
    "_id": "543c656dabd3fa1055a35ba4",
    "index": 0,
    "guid": "b9f2d5e3-4147-4fa0-9ab2-185efd7d64de",
    "isActive": true,
    "balance": "$2,070.45",
    "picture": "http://placehold.it/32x32",
    "age": 23,
    "eyeColor": "blue",
    "name": "Russell Mayo",
    "gender": "male",
    "company": "RETRACK",
    "email": "russellmayo@retrack.com",
    "phone": "+1 (983) 464-2180",
    "address": "148 Martense Street, Matheny, North Carolina, 5940",
    "about": "Dolore Lorem ullamco culpa anim nostrud. Cupidatat eu ut est duis exercitation adipisicing cillum laboris quis fugiat eiusmod. Excepteur nisi labore enim in dolore est proident sunt tempor esse. Voluptate do mollit quis cillum deserunt Lorem excepteur minim commodo sit cupidatat ad reprehenderit.\r\n",
    "registered": "2014-08-25T12:02:11 +04:00",
    "latitude": -57.357476,
    "longitude": 98.413486,
    "tags": [
      "nisi",
      "id",
      "qui",
      "eiusmod",
      "amet",
      "quis",
      "ipsum"
    ],
    "friends": [
      {
        "id": 0,
        "name": "Cornelia Cobb"
      },
      {
        "id": 1,
        "name": "Isabel Emerson"
      },
      {
        "id": 2,
        "name": "Fowler Mcdowell"
      }
    ],
    "greeting": "Hello, Russell Mayo! You have 2 unread messages.",
    "favoriteFruit": "apple"
  },
  {
    "_id": "543c656da8a31149fe8d0375",
    "index": 1,
    "guid": "c89e1509-44c7-46e0-8271-1b3df6851203",
    "isActive": true,
    "balance": "$2,159.76",
    "picture": "http://placehold.it/32x32",
    "age": 25,
    "eyeColor": "blue",
    "name": "Miranda Hudson",
    "gender": "female",
    "company": "AQUASSEUR",
    "email": "mirandahudson@aquasseur.com",
    "phone": "+1 (943) 499-2792",
    "address": "846 Garden Place, Stollings, Texas, 329",
    "about": "Ea veniam aute esse Lorem incididunt deserunt non velit veniam deserunt magna minim officia. Cillum do est ut enim reprehenderit consectetur proident exercitation amet. Laboris occaecat anim culpa duis adipisicing nulla culpa laborum. Dolore voluptate nulla deserunt sit enim.\r\n",
    "registered": "2014-09-26T05:59:50 +04:00",
    "latitude": -61.623861,
    "longitude": 104.726305,
    "tags": [
      "aliqua",
      "eiusmod",
      "laboris",
      "ex",
      "nisi",
      "nisi",
      "ea"
    ],
    "friends": [
      {
        "id": 0,
        "name": "Peck Kelly"
      },
      {
        "id": 1,
        "name": "Lowe Robbins"
      },
      {
        "id": 2,
        "name": "Brown Curtis"
      }
    ],
    "greeting": "Hello, Miranda Hudson! You have 7 unread messages.",
    "favoriteFruit": "strawberry"
  },
  {
    "_id": "543c656dc9169384d783d316",
    "index": 2,
    "guid": "2093df18-60e8-42a0-9665-914b6fb8abb3",
    "isActive": true,
    "balance": "$1,905.94",
    "picture": "http://placehold.it/32x32",
    "age": 24,
    "eyeColor": "brown",
    "name": "Ingram Quinn",
    "gender": "male",
    "company": "MEGALL",
    "email": "ingramquinn@megall.com",
    "phone": "+1 (878) 447-2406",
    "address": "749 Fleet Street, Bannock, Nevada, 5075",
    "about": "Qui irure eu anim consectetur laborum id excepteur laboris adipisicing et ea. Cupidatat anim aliquip cillum eu. Velit consectetur laborum sit reprehenderit. Ex id ipsum consequat quis. Est ex velit enim aliqua qui non dolor amet fugiat consectetur aliqua magna. Officia id cillum dolore et minim et voluptate sint elit magna ut.\r\n",
    "registered": "2014-09-12T07:34:52 +04:00",
    "latitude": -53.259952,
    "longitude": 106.535466,
    "tags": [
      "amet",
      "velit",
      "amet",
      "culpa",
      "est",
      "culpa",
      "ipsum"
    ],
    "friends": [
      {
        "id": 0,
        "name": "Rosa Pruitt"
      },
      {
        "id": 1,
        "name": "Lacy Jacobson"
      },
      {
        "id": 2,
        "name": "Teresa Goff"
      }
    ],
    "greeting": "Hello, Ingram Quinn! You have 8 unread messages.",
    "favoriteFruit": "strawberry"
  },
  {
    "_id": "543c656d99ed037e8929ff46",
    "index": 3,
    "guid": "17ed1a80-7fc2-42e8-99cf-c12577005b16",
    "isActive": false,
    "balance": "$1,274.90",
    "picture": "http://placehold.it/32x32",
    "age": 27,
    "eyeColor": "blue",
    "name": "Morrison Hall",
    "gender": "male",
    "company": "ENOMEN",
    "email": "morrisonhall@enomen.com",
    "phone": "+1 (926) 472-2003",
    "address": "898 Howard Avenue, Williams, District Of Columbia, 2690",
    "about": "Ea eiusmod cillum excepteur ex esse qui dolor ullamco in do culpa. Et incididunt ea aute dolor officia nisi veniam consequat minim. Minim proident velit excepteur fugiat mollit non. Officia voluptate tempor ullamco velit enim officia nisi proident ex ea adipisicing amet quis sint. Culpa esse est adipisicing aliquip magna voluptate deserunt ad exercitation anim elit et dolor culpa. Laborum incididunt veniam duis dolor proident incididunt anim.\r\n",
    "registered": "2014-09-20T12:13:21 +04:00",
    "latitude": 67.477121,
    "longitude": 43.791942,
    "tags": [
      "incididunt",
      "exercitation",
      "ut",
      "et",
      "reprehenderit",
      "pariatur",
      "Lorem"
    ],
    "friends": [
      {
        "id": 0,
        "name": "Alexandria Workman"
      },
      {
        "id": 1,
        "name": "Goldie Holcomb"
      },
      {
        "id": 2,
        "name": "Claudine Valencia"
      }
    ],
    "greeting": "Hello, Morrison Hall! You have 1 unread messages.",
    "favoriteFruit": "banana"
  },
  {
    "_id": "543c656d8bf5e458ce461d61",
    "index": 4,
    "guid": "9687996d-b653-4048-b981-1b771dad9a93",
    "isActive": false,
    "balance": "$3,098.84",
    "picture": "http://placehold.it/32x32",
    "age": 37,
    "eyeColor": "brown",
    "name": "Valerie Sweeney",
    "gender": "female",
    "company": "GUSHKOOL",
    "email": "valeriesweeney@gushkool.com",
    "phone": "+1 (991) 546-2985",
    "address": "863 Hunterfly Place, Chapin, Connecticut, 2126",
    "about": "In sint labore ad mollit nisi magna deserunt ullamco aute laborum eu eiusmod. Nulla velit anim id non eiusmod laboris elit dolor cillum fugiat. Aliqua consectetur non proident deserunt duis exercitation aliqua dolore.\r\n",
    "registered": "2014-04-30T09:43:23 +04:00",
    "latitude": -82.962453,
    "longitude": -13.25978,
    "tags": [
      "ex",
      "Lorem",
      "duis",
      "velit",
      "fugiat",
      "reprehenderit",
      "officia"
    ],
    "friends": [
      {
        "id": 0,
        "name": "Robin Camacho"
      },
      {
        "id": 1,
        "name": "Vicki Alvarado"
      },
      {
        "id": 2,
        "name": "Horn Miles"
      }
    ],
    "greeting": "Hello, Valerie Sweeney! You have 5 unread messages.",
    "favoriteFruit": "banana"
  },
  {
    "_id": "543c656df26e38be6c8ed716",
    "index": 5,
    "guid": "25d9d1e5-1b68-44ca-ba1d-fbbdc6dd46e4",
    "isActive": false,
    "balance": "$1,140.83",
    "picture": "http://placehold.it/32x32",
    "age": 36,
    "eyeColor": "blue",
    "name": "Duran Hinton",
    "gender": "male",
    "company": "NUTRALAB",
    "email": "duranhinton@nutralab.com",
    "phone": "+1 (900) 500-2378",
    "address": "244 Bennet Court, Harborton, Kentucky, 5816",
    "about": "Incididunt commodo esse ea aute culpa non deserunt enim et amet culpa. Veniam Lorem irure deserunt anim ad duis tempor aliquip do elit. Velit incididunt excepteur irure magna sit do anim ut elit non commodo. Ut duis adipisicing dolore magna dolore enim dolore.\r\n",
    "registered": "2014-01-09T02:18:01 +05:00",
    "latitude": 12.645051,
    "longitude": 156.270482,
    "tags": [
      "magna",
      "reprehenderit",
      "cillum",
      "minim",
      "veniam",
      "proident",
      "deserunt"
    ],
    "friends": [
      {
        "id": 0,
        "name": "Harrison Salinas"
      },
      {
        "id": 1,
        "name": "Stark Garrett"
      },
      {
        "id": 2,
        "name": "Julie Mann"
      }
    ],
    "greeting": "Hello, Duran Hinton! You have 9 unread messages.",
    "favoriteFruit": "strawberry"
  },
  {
    "_id": "543c656dc1a612b17be370ca",
    "index": 6,
    "guid": "157b5bb1-d1e1-41c7-949e-c45187a43daf",
    "isActive": false,
    "balance": "$2,428.44",
    "picture": "http://placehold.it/32x32",
    "age": 31,
    "eyeColor": "green",
    "name": "Aurelia Jacobs",
    "gender": "female",
    "company": "SOPRANO",
    "email": "aureliajacobs@soprano.com",
    "phone": "+1 (958) 564-2725",
    "address": "867 Conover Street, Leyner, Federated States Of Micronesia, 2572",
    "about": "Velit dolor nostrud dolor irure commodo anim in dolor tempor. Elit dolor in cillum exercitation elit. Dolore aliquip in deserunt dolor aliqua consectetur enim proident. Minim tempor tempor laboris cillum sit. Deserunt labore anim dolor fugiat sint adipisicing occaecat tempor voluptate laboris. Ut dolore aute incididunt veniam qui aliquip esse occaecat commodo.\r\n",
    "registered": "2014-05-02T00:17:13 +04:00",
    "latitude": 20.413672,
    "longitude": 121.280813,
    "tags": [
      "ipsum",
      "eu",
      "aute",
      "consectetur",
      "mollit",
      "magna",
      "culpa"
    ],
    "friends": [
      {
        "id": 0,
        "name": "Head Byrd"
      },
      {
        "id": 1,
        "name": "Nunez Knox"
      },
      {
        "id": 2,
        "name": "Poole Mcgowan"
      }
    ],
    "greeting": "Hello, Aurelia Jacobs! You have 3 unread messages.",
    "favoriteFruit": "strawberry"
  },
  {
    "_id": "543c656d3269424c26580edc",
    "index": 7,
    "guid": "411bf328-82be-400b-9e1c-1f04e26c102c",
    "isActive": false,
    "balance": "$3,261.08",
    "picture": "http://placehold.it/32x32",
    "age": 40,
    "eyeColor": "green",
    "name": "Alford Ewing",
    "gender": "male",
    "company": "OBONES",
    "email": "alfordewing@obones.com",
    "phone": "+1 (974) 596-3186",
    "address": "768 Amber Street, Linwood, Arizona, 6598",
    "about": "Labore eiusmod proident laboris ea aliquip ipsum culpa dolor qui dolor ad tempor officia occaecat. Proident sint labore et dolor officia. Fugiat consequat veniam ea ut. Ad nisi anim labore nostrud aliqua laborum quis do minim. Dolor ullamco reprehenderit commodo dolore anim amet nisi anim duis irure. Irure commodo esse veniam cupidatat est qui.\r\n",
    "registered": "2014-01-04T06:11:21 +05:00",
    "latitude": 1.503762,
    "longitude": -172.862612,
    "tags": [
      "elit",
      "pariatur",
      "nisi",
      "laboris",
      "esse",
      "reprehenderit",
      "sint"
    ],
    "friends": [
      {
        "id": 0,
        "name": "Claire Chambers"
      },
      {
        "id": 1,
        "name": "Christine Peterson"
      },
      {
        "id": 2,
        "name": "Hogan Mays"
      }
    ],
    "greeting": "Hello, Alford Ewing! You have 3 unread messages.",
    "favoriteFruit": "apple"
  },
  {
    "_id": "543c656da7db920cee422101",
    "index": 8,
    "guid": "5bd41685-491b-4944-9810-4811aa891e02",
    "isActive": true,
    "balance": "$3,003.70",
    "picture": "http://placehold.it/32x32",
    "age": 32,
    "eyeColor": "brown",
    "name": "Hazel Fulton",
    "gender": "female",
    "company": "MANTRIX",
    "email": "hazelfulton@mantrix.com",
    "phone": "+1 (863) 519-2878",
    "address": "875 Montieth Street, Tuskahoma, California, 8935",
    "about": "Aliqua et adipisicing eiusmod est aute excepteur voluptate sint. Irure aliquip magna aliqua magna eu ea ad est occaecat ad tempor. Sit nisi mollit eiusmod non duis elit.\r\n",
    "registered": "2014-01-11T15:51:06 +05:00",
    "latitude": 6.754538,
    "longitude": -130.226574,
    "tags": [
      "ea",
      "sint",
      "incididunt",
      "eiusmod",
      "culpa",
      "exercitation",
      "mollit"
    ],
    "friends": [
      {
        "id": 0,
        "name": "Hewitt Noel"
      },
      {
        "id": 1,
        "name": "Warner Estrada"
      },
      {
        "id": 2,
        "name": "Schneider Mccall"
      }
    ],
    "greeting": "Hello, Hazel Fulton! You have 6 unread messages.",
    "favoriteFruit": "strawberry"
  },
  {
    "_id": "543c656d2ccf082a5f4152a2",
    "index": 9,
    "guid": "17df503b-a558-4fd4-b044-6b0ebb569764",
    "isActive": false,
    "balance": "$3,543.34",
    "picture": "http://placehold.it/32x32",
    "age": 31,
    "eyeColor": "blue",
    "name": "Juana Blake",
    "gender": "female",
    "company": "KRAG",
    "email": "juanablake@krag.com",
    "phone": "+1 (974) 404-3505",
    "address": "413 Dinsmore Place, Smeltertown, Alaska, 3414",
    "about": "Elit proident laborum est et consectetur tempor mollit. Ut ad non aliquip pariatur non cupidatat ad exercitation enim cillum eiusmod ex anim. Exercitation incididunt culpa qui velit laboris velit minim. Incididunt tempor laborum aliqua aute id tempor exercitation ullamco ad. Ex voluptate consectetur ullamco consectetur qui deserunt nostrud ipsum mollit incididunt. Fugiat sint ad consequat ullamco nulla quis reprehenderit adipisicing anim incididunt est. Adipisicing culpa non cupidatat cillum ipsum id duis sunt consequat quis ea.\r\n",
    "registered": "2014-01-09T07:32:48 +05:00",
    "latitude": 3.709627,
    "longitude": 151.311444,
    "tags": [
      "reprehenderit",
      "nisi",
      "quis",
      "aliqua",
      "duis",
      "commodo",
      "labore"
    ],
    "friends": [
      {
        "id": 0,
        "name": "Marissa Rosario"
      },
      {
        "id": 1,
        "name": "Bessie Stein"
      },
      {
        "id": 2,
        "name": "Amparo Hunt"
      }
    ],
    "greeting": "Hello, Juana Blake! You have 4 unread messages.",
    "favoriteFruit": "apple"
  },
  {
    "_id": "543c656d6ff9a5ca5f14fbc0",
    "index": 10,
    "guid": "8a081362-1a7d-4691-9d8d-06a60d29f449",
    "isActive": false,
    "balance": "$1,665.27",
    "picture": "http://placehold.it/32x32",
    "age": 25,
    "eyeColor": "green",
    "name": "Neva Anderson",
    "gender": "female",
    "company": "PEARLESSA",
    "email": "nevaanderson@pearlessa.com",
    "phone": "+1 (883) 592-3474",
    "address": "703 Bedford Avenue, Herlong, Idaho, 1948",
    "about": "Tempor dolore aute est incididunt in anim. Consectetur proident irure nulla amet eiusmod amet do ullamco. Minim aliqua ipsum duis non consequat elit. Et ad id proident sunt quis culpa. Aute veniam quis officia laboris minim. Ad ullamco dolore nulla incididunt nisi incididunt ex aliquip anim ea. Quis tempor adipisicing tempor reprehenderit nisi do.\r\n",
    "registered": "2014-04-21T16:10:09 +04:00",
    "latitude": 59.067564,
    "longitude": 77.35494,
    "tags": [
      "cillum",
      "deserunt",
      "ut",
      "do",
      "amet",
      "aute",
      "laboris"
    ],
    "friends": [
      {
        "id": 0,
        "name": "Leta Walters"
      },
      {
        "id": 1,
        "name": "Cox Pitts"
      },
      {
        "id": 2,
        "name": "Cotton Dennis"
      }
    ],
    "greeting": "Hello, Neva Anderson! You have 9 unread messages.",
    "favoriteFruit": "apple"
  },
  {
    "_id": "543c656d8ed11fcf08a7c7db",
    "index": 11,
    "guid": "105228a1-ad72-4fe6-9410-8c4d9b996bdc",
    "isActive": false,
    "balance": "$2,818.26",
    "picture": "http://placehold.it/32x32",
    "age": 40,
    "eyeColor": "brown",
    "name": "Kellie Chandler",
    "gender": "female",
    "company": "PROWASTE",
    "email": "kelliechandler@prowaste.com",
    "phone": "+1 (996) 426-3199",
    "address": "521 Quentin Road, Wiscon, Arkansas, 7351",
    "about": "Ipsum velit nisi excepteur laboris ea non cupidatat laborum aute magna proident sit. Est ex non qui consequat aliqua sit laboris. Velit amet fugiat consequat nostrud laborum. Labore ut cillum do veniam. Enim ea tempor magna exercitation et pariatur.\r\n",
    "registered": "2014-01-04T20:03:26 +05:00",
    "latitude": -35.436082,
    "longitude": -137.376126,
    "tags": [
      "fugiat",
      "veniam",
      "minim",
      "excepteur",
      "in",
      "minim",
      "id"
    ],
    "friends": [
      {
        "id": 0,
        "name": "Crystal Doyle"
      },
      {
        "id": 1,
        "name": "Gretchen Frank"
      },
      {
        "id": 2,
        "name": "Maribel Ballard"
      }
    ],
    "greeting": "Hello, Kellie Chandler! You have 3 unread messages.",
    "favoriteFruit": "apple"
  },
  {
    "_id": "543c656da7b7e8ae47242c68",
    "index": 12,
    "guid": "7a1f0082-226e-4e72-afa4-66c2ddd28406",
    "isActive": true,
    "balance": "$2,688.57",
    "picture": "http://placehold.it/32x32",
    "age": 22,
    "eyeColor": "blue",
    "name": "Wilcox Rojas",
    "gender": "male",
    "company": "NEOCENT",
    "email": "wilcoxrojas@neocent.com",
    "phone": "+1 (924) 587-3786",
    "address": "778 Lake Street, Dodge, Kansas, 5937",
    "about": "Sunt commodo proident laborum occaecat magna exercitation irure veniam do eiusmod sit aliqua reprehenderit non. Adipisicing sunt consectetur eiusmod pariatur aliqua proident voluptate aute tempor anim sint. Ad in incididunt officia ex nostrud sunt minim fugiat adipisicing ea. Eu do officia officia occaecat velit quis enim cillum consequat. Exercitation reprehenderit officia nostrud ut aliquip ipsum consectetur culpa duis.\r\n",
    "registered": "2014-06-02T12:15:37 +04:00",
    "latitude": 67.712303,
    "longitude": -2.454614,
    "tags": [
      "aute",
      "nulla",
      "mollit",
      "proident",
      "dolore",
      "culpa",
      "veniam"
    ],
    "friends": [
      {
        "id": 0,
        "name": "Watkins Wiggins"
      },
      {
        "id": 1,
        "name": "Oneal Bailey"
      },
      {
        "id": 2,
        "name": "Nash Manning"
      }
    ],
    "greeting": "Hello, Wilcox Rojas! You have 1 unread messages.",
    "favoriteFruit": "strawberry"
  },
  {
    "_id": "543c656d823ed116977957b5",
    "index": 13,
    "guid": "d9399da6-8135-44f7-8af1-33e7f1ee505c",
    "isActive": false,
    "balance": "$3,537.85",
    "picture": "http://placehold.it/32x32",
    "age": 22,
    "eyeColor": "brown",
    "name": "Ford Ramsey",
    "gender": "male",
    "company": "NORALEX",
    "email": "fordramsey@noralex.com",
    "phone": "+1 (922) 484-3901",
    "address": "591 Conselyea Street, Wakulla, Indiana, 4538",
    "about": "Voluptate nostrud et pariatur aliqua amet eiusmod ea esse Lorem consectetur elit in non. Est eu aute ipsum Lorem adipisicing ipsum in eu ad ex in. Adipisicing non incididunt aliquip ut nisi dolore consequat mollit. Quis fugiat occaecat occaecat nisi aute. Velit commodo mollit anim laborum deserunt proident id. Cupidatat pariatur culpa veniam tempor culpa consectetur occaecat Lorem quis.\r\n",
    "registered": "2014-06-05T23:35:11 +04:00",
    "latitude": 85.455704,
    "longitude": 71.516574,
    "tags": [
      "pariatur",
      "culpa",
      "esse",
      "tempor",
      "elit",
      "adipisicing",
      "ullamco"
    ],
    "friends": [
      {
        "id": 0,
        "name": "Baldwin Houston"
      },
      {
        "id": 1,
        "name": "Irwin Olsen"
      },
      {
        "id": 2,
        "name": "Jones Garza"
      }
    ],
    "greeting": "Hello, Ford Ramsey! You have 5 unread messages.",
    "favoriteFruit": "strawberry"
  },
  {
    "_id": "543c656d7ca060308c962286",
    "index": 14,
    "guid": "bd2556ff-afb7-43ee-83f2-ec13e16f5c9f",
    "isActive": true,
    "balance": "$1,177.23",
    "picture": "http://placehold.it/32x32",
    "age": 31,
    "eyeColor": "blue",
    "name": "Powers Harrison",
    "gender": "male",
    "company": "SIGNITY",
    "email": "powersharrison@signity.com",
    "phone": "+1 (822) 490-2972",
    "address": "404 Highland Place, Vivian, Maine, 3108",
    "about": "Aute elit incididunt do ex ea ut non tempor irure pariatur. Aliquip exercitation consequat nisi quis. Do cupidatat pariatur ullamco magna ullamco. Culpa consectetur esse eu ipsum aute. Aliqua aliquip esse tempor est eiusmod non velit id tempor id voluptate. Commodo exercitation irure culpa culpa dolor aliqua incididunt ad duis do. Excepteur ut laboris velit nulla et minim ad in anim laborum voluptate quis.\r\n",
    "registered": "2014-06-01T11:03:29 +04:00",
    "latitude": 59.540411,
    "longitude": 176.833041,
    "tags": [
      "enim",
      "nisi",
      "eu",
      "sunt",
      "non",
      "incididunt",
      "dolor"
    ],
    "friends": [
      {
        "id": 0,
        "name": "Elinor Christensen"
      },
      {
        "id": 1,
        "name": "Lori Head"
      },
      {
        "id": 2,
        "name": "Preston Jefferson"
      }
    ],
    "greeting": "Hello, Powers Harrison! You have 1 unread messages.",
    "favoriteFruit": "apple"
  },
  {
    "_id": "543c656da5b046f9e6203273",
    "index": 15,
    "guid": "9e4a8f15-fe2e-4d43-ae99-374b36820773",
    "isActive": false,
    "balance": "$2,430.46",
    "picture": "http://placehold.it/32x32",
    "age": 35,
    "eyeColor": "blue",
    "name": "Morgan Walsh",
    "gender": "female",
    "company": "QUIZMO",
    "email": "morganwalsh@quizmo.com",
    "phone": "+1 (979) 482-2189",
    "address": "485 Ridgewood Place, Juarez, South Carolina, 3688",
    "about": "Duis anim mollit voluptate magna. Aliquip qui aute nulla anim eiusmod dolore reprehenderit ad laboris. Consequat enim deserunt nulla do exercitation irure voluptate tempor. Duis labore esse ea officia ipsum anim cillum amet irure ad. Ullamco deserunt culpa tempor ex excepteur eiusmod labore.\r\n",
    "registered": "2014-07-05T02:30:07 +04:00",
    "latitude": 69.188733,
    "longitude": -88.779037,
    "tags": [
      "et",
      "Lorem",
      "ad",
      "ullamco",
      "reprehenderit",
      "nisi",
      "fugiat"
    ],
    "friends": [
      {
        "id": 0,
        "name": "Wong Briggs"
      },
      {
        "id": 1,
        "name": "Caroline Fletcher"
      },
      {
        "id": 2,
        "name": "Mcknight Garcia"
      }
    ],
    "greeting": "Hello, Morgan Walsh! You have 7 unread messages.",
    "favoriteFruit": "strawberry"
  },
  {
    "_id": "543c656d9569bfea05718c08",
    "index": 16,
    "guid": "edbd3abc-e7fa-491d-8337-7746ae5c2c85",
    "isActive": true,
    "balance": "$1,569.91",
    "picture": "http://placehold.it/32x32",
    "age": 27,
    "eyeColor": "brown",
    "name": "Pruitt Rivas",
    "gender": "male",
    "company": "DATAGEN",
    "email": "pruittrivas@datagen.com",
    "phone": "+1 (988) 466-2928",
    "address": "108 Voorhies Avenue, Vale, Illinois, 6473",
    "about": "Incididunt adipisicing nisi laboris voluptate ipsum voluptate tempor elit irure consectetur ullamco sint deserunt. Voluptate amet ullamco sit commodo enim incididunt. Dolor fugiat fugiat nostrud quis eu exercitation cupidatat nostrud dolore laboris veniam dolor aliquip.\r\n",
    "registered": "2014-06-23T17:53:26 +04:00",
    "latitude": -16.67012,
    "longitude": -104.873035,
    "tags": [
      "eiusmod",
      "voluptate",
      "proident",
      "consequat",
      "esse",
      "non",
      "commodo"
    ],
    "friends": [
      {
        "id": 0,
        "name": "Becky English"
      },
      {
        "id": 1,
        "name": "June Gallagher"
      },
      {
        "id": 2,
        "name": "Kerr Hampton"
      }
    ],
    "greeting": "Hello, Pruitt Rivas! You have 10 unread messages.",
    "favoriteFruit": "banana"
  },
  {
    "_id": "543c656ddc3a14eb5e87f457",
    "index": 17,
    "guid": "61b8da4f-0989-4999-93e0-758bd019a197",
    "isActive": false,
    "balance": "$1,813.20",
    "picture": "http://placehold.it/32x32",
    "age": 22,
    "eyeColor": "brown",
    "name": "Ryan Cervantes",
    "gender": "male",
    "company": "ASSISTIA",
    "email": "ryancervantes@assistia.com",
    "phone": "+1 (882) 419-3411",
    "address": "442 Pooles Lane, National, Virginia, 729",
    "about": "Irure eu magna amet eu in cillum commodo consequat velit. Fugiat aute dolor reprehenderit laborum culpa adipisicing laboris ea aliqua do magna sunt ex culpa. Proident aute incididunt commodo minim esse.\r\n",
    "registered": "2014-08-29T11:51:09 +04:00",
    "latitude": -9.48673,
    "longitude": -36.654658,
    "tags": [
      "aliqua",
      "nostrud",
      "enim",
      "fugiat",
      "elit",
      "sit",
      "cillum"
    ],
    "friends": [
      {
        "id": 0,
        "name": "Georgette Alford"
      },
      {
        "id": 1,
        "name": "Hoover Chapman"
      },
      {
        "id": 2,
        "name": "Vargas Sanchez"
      }
    ],
    "greeting": "Hello, Ryan Cervantes! You have 1 unread messages.",
    "favoriteFruit": "strawberry"
  },
  {
    "_id": "543c656d06272e70488172fd",
    "index": 18,
    "guid": "3db3e5ae-2d32-465b-a73e-bb6d2ba1cb5b",
    "isActive": true,
    "balance": "$1,500.77",
    "picture": "http://placehold.it/32x32",
    "age": 25,
    "eyeColor": "blue",
    "name": "Danielle Welch",
    "gender": "female",
    "company": "ZENTURY",
    "email": "daniellewelch@zentury.com",
    "phone": "+1 (829) 528-3328",
    "address": "235 Ainslie Street, Sunnyside, Maryland, 5855",
    "about": "Anim do pariatur eiusmod consectetur nisi cillum ad. Proident ullamco reprehenderit sint anim laboris nulla eu sit aliquip. Do nisi eiusmod nostrud quis qui ad veniam enim magna aliquip sint. Proident aute consequat eiusmod adipisicing voluptate reprehenderit cillum do dolor qui dolor mollit non Lorem. Dolore excepteur dolore est quis. Amet enim dolor dolor occaecat amet laboris culpa. Pariatur nulla ad laborum occaecat nulla est elit aliquip deserunt cillum nulla.\r\n",
    "registered": "2014-07-15T19:57:07 +04:00",
    "latitude": 61.080247,
    "longitude": -116.693681,
    "tags": [
      "et",
      "anim",
      "do",
      "qui",
      "culpa",
      "fugiat",
      "velit"
    ],
    "friends": [
      {
        "id": 0,
        "name": "Cecelia Burt"
      },
      {
        "id": 1,
        "name": "Terrie Castro"
      },
      {
        "id": 2,
        "name": "Sims Talley"
      }
    ],
    "greeting": "Hello, Danielle Welch! You have 7 unread messages.",
    "favoriteFruit": "strawberry"
  },
  {
    "_id": "543c656d9d7fb7703c5741f2",
    "index": 19,
    "guid": "6c5e8075-227c-4fa1-ae71-24c10d25277d",
    "isActive": false,
    "balance": "$2,628.91",
    "picture": "http://placehold.it/32x32",
    "age": 35,
    "eyeColor": "blue",
    "name": "Mitzi Joseph",
    "gender": "female",
    "company": "ORBAXTER",
    "email": "mitzijoseph@orbaxter.com",
    "phone": "+1 (881) 509-3597",
    "address": "147 Neptune Avenue, Foscoe, Minnesota, 5926",
    "about": "Nostrud id Lorem Lorem eiusmod est sunt exercitation velit. Ad fugiat anim excepteur esse ipsum do reprehenderit occaecat officia in deserunt cillum enim fugiat. Veniam sint aliquip minim adipisicing ea. Excepteur eu in tempor ullamco aliqua.\r\n",
    "registered": "2014-01-11T23:45:22 +05:00",
    "latitude": 26.129884,
    "longitude": 166.332773,
    "tags": [
      "culpa",
      "quis",
      "esse",
      "esse",
      "sit",
      "anim",
      "sit"
    ],
    "friends": [
      {
        "id": 0,
        "name": "Doris Justice"
      },
      {
        "id": 1,
        "name": "Hayes Ware"
      },
      {
        "id": 2,
        "name": "Lidia Sims"
      }
    ],
    "greeting": "Hello, Mitzi Joseph! You have 6 unread messages.",
    "favoriteFruit": "apple"
  },
  {
    "_id": "543c656d2c44f33e0ad9e1dd",
    "index": 20,
    "guid": "2fe4029d-f00b-4846-b325-872630a92eb5",
    "isActive": true,
    "balance": "$3,992.43",
    "picture": "http://placehold.it/32x32",
    "age": 39,
    "eyeColor": "blue",
    "name": "Ellen Griffith",
    "gender": "female",
    "company": "TSUNAMIA",
    "email": "ellengriffith@tsunamia.com",
    "phone": "+1 (843) 515-3466",
    "address": "500 Aster Court, Bangor, Pennsylvania, 9682",
    "about": "Labore ex sunt aute cupidatat irure fugiat minim ullamco fugiat proident occaecat aliquip aute. Sint enim deserunt occaecat ea aute enim. Irure quis dolor laborum cupidatat nisi minim.\r\n",
    "registered": "2014-02-15T22:21:05 +05:00",
    "latitude": 45.786124,
    "longitude": 13.837263,
    "tags": [
      "pariatur",
      "mollit",
      "in",
      "nostrud",
      "adipisicing",
      "quis",
      "amet"
    ],
    "friends": [
      {
        "id": 0,
        "name": "Garza Merrill"
      },
      {
        "id": 1,
        "name": "Mckay Harding"
      },
      {
        "id": 2,
        "name": "Henderson Stuart"
      }
    ],
    "greeting": "Hello, Ellen Griffith! You have 7 unread messages.",
    "favoriteFruit": "apple"
  },
  {
    "_id": "543c656d2ce46e2bd1ea7afa",
    "index": 21,
    "guid": "0c4bb78a-d6aa-49ee-b603-7eb9c3390e28",
    "isActive": true,
    "balance": "$2,557.93",
    "picture": "http://placehold.it/32x32",
    "age": 27,
    "eyeColor": "green",
    "name": "Atkins Gaines",
    "gender": "male",
    "company": "TALENDULA",
    "email": "atkinsgaines@talendula.com",
    "phone": "+1 (872) 584-2958",
    "address": "496 Linden Boulevard, Wheaton, Mississippi, 3903",
    "about": "Fugiat consequat anim tempor ea consequat cupidatat incididunt dolor enim consequat. Elit ut mollit commodo dolor nostrud consequat id eiusmod aliquip esse voluptate commodo reprehenderit. Laboris Lorem aliquip sint sit aliqua minim qui id excepteur. Magna dolore minim amet Lorem dolore minim quis et voluptate. Consectetur esse pariatur eu minim adipisicing dolor reprehenderit dolore exercitation do. Cupidatat exercitation dolore minim eu excepteur sit. Consequat officia ad dolore nulla.\r\n",
    "registered": "2014-09-06T04:00:30 +04:00",
    "latitude": -89.226474,
    "longitude": 32.972545,
    "tags": [
      "ad",
      "reprehenderit",
      "exercitation",
      "nostrud",
      "velit",
      "ut",
      "magna"
    ],
    "friends": [
      {
        "id": 0,
        "name": "Charmaine Bryan"
      },
      {
        "id": 1,
        "name": "Murphy Dalton"
      },
      {
        "id": 2,
        "name": "Schultz Morgan"
      }
    ],
    "greeting": "Hello, Atkins Gaines! You have 4 unread messages.",
    "favoriteFruit": "strawberry"
  },
  {
    "_id": "543c656d4f1dd9d2258e5139",
    "index": 22,
    "guid": "bf10a3cf-891d-4a7c-aab4-401a46eee4ce",
    "isActive": false,
    "balance": "$3,032.99",
    "picture": "http://placehold.it/32x32",
    "age": 39,
    "eyeColor": "brown",
    "name": "Kathy Chang",
    "gender": "female",
    "company": "TRI@TRIBALOG",
    "email": "kathychang@tri@tribalog.com",
    "phone": "+1 (892) 529-3590",
    "address": "115 Vanderbilt Avenue, Cecilia, Hawaii, 1855",
    "about": "Ullamco irure cillum occaecat excepteur cillum sit. Ea amet esse dolore exercitation nostrud aliqua eu sunt. Irure ut labore do in ex culpa. Duis deserunt aliqua commodo adipisicing laboris adipisicing sunt velit esse enim. Laboris proident et sint commodo aliqua enim consectetur aliquip quis aliqua eiusmod occaecat.\r\n",
    "registered": "2014-02-18T05:22:12 +05:00",
    "latitude": -10.373635,
    "longitude": -25.430472,
    "tags": [
      "mollit",
      "ullamco",
      "eiusmod",
      "consequat",
      "minim",
      "et",
      "dolore"
    ],
    "friends": [
      {
        "id": 0,
        "name": "Keisha Cantrell"
      },
      {
        "id": 1,
        "name": "Sonja Nixon"
      },
      {
        "id": 2,
        "name": "Palmer Mcmillan"
      }
    ],
    "greeting": "Hello, Kathy Chang! You have 9 unread messages.",
    "favoriteFruit": "strawberry"
  },
  {
    "_id": "543c656d2711c7d12eff9f0d",
    "index": 23,
    "guid": "9b3eb525-d421-4912-b4c2-467abd8b02a8",
    "isActive": true,
    "balance": "$2,038.53",
    "picture": "http://placehold.it/32x32",
    "age": 39,
    "eyeColor": "blue",
    "name": "Rosie Dodson",
    "gender": "female",
    "company": "KEENGEN",
    "email": "rosiedodson@keengen.com",
    "phone": "+1 (999) 515-2603",
    "address": "289 Jamison Lane, Enlow, Nebraska, 3503",
    "about": "Veniam dolore dolore dolor dolore occaecat ut minim dolor. Eu culpa eiusmod excepteur mollit et laboris ut aliqua ad consequat. Do eiusmod do ea laborum anim irure enim est sunt pariatur est ullamco sunt ipsum. Nulla dolor deserunt dolore minim cupidatat officia velit esse laboris pariatur aute eu consectetur. Laborum laborum cillum et ullamco commodo consequat. Fugiat enim laboris exercitation esse anim. Cillum consectetur cillum id excepteur fugiat consequat voluptate anim non reprehenderit veniam sunt irure ad.\r\n",
    "registered": "2014-08-23T16:48:59 +04:00",
    "latitude": 52.787305,
    "longitude": -19.959931,
    "tags": [
      "fugiat",
      "cupidatat",
      "duis",
      "sit",
      "id",
      "laborum",
      "labore"
    ],
    "friends": [
      {
        "id": 0,
        "name": "Greene Bennett"
      },
      {
        "id": 1,
        "name": "Dixon Fox"
      },
      {
        "id": 2,
        "name": "Adele Burgess"
      }
    ],
    "greeting": "Hello, Rosie Dodson! You have 10 unread messages.",
    "favoriteFruit": "strawberry"
  },
  {
    "_id": "543c656dd34a8c665c4b9822",
    "index": 24,
    "guid": "a508689c-275e-4cd8-b1cc-e6c1b29d7b7a",
    "isActive": false,
    "balance": "$3,844.56",
    "picture": "http://placehold.it/32x32",
    "age": 23,
    "eyeColor": "blue",
    "name": "Lessie Mclaughlin",
    "gender": "female",
    "company": "MOMENTIA",
    "email": "lessiemclaughlin@momentia.com",
    "phone": "+1 (968) 583-2167",
    "address": "158 Kingston Avenue, Cannondale, Oklahoma, 6157",
    "about": "Dolor incididunt labore nostrud non nostrud id eiusmod anim minim cupidatat consectetur elit aute. Exercitation dolor fugiat ex est est esse exercitation est ut irure. Consequat ullamco sunt elit pariatur cillum dolor dolor sunt officia sint consequat nostrud esse commodo.\r\n",
    "registered": "2014-05-07T12:42:52 +04:00",
    "latitude": 18.68462,
    "longitude": -114.032254,
    "tags": [
      "irure",
      "ut",
      "consectetur",
      "nisi",
      "ut",
      "elit",
      "ut"
    ],
    "friends": [
      {
        "id": 0,
        "name": "Guthrie Gillespie"
      },
      {
        "id": 1,
        "name": "Compton Stephens"
      },
      {
        "id": 2,
        "name": "Earlene Glass"
      }
    ],
    "greeting": "Hello, Lessie Mclaughlin! You have 10 unread messages.",
    "favoriteFruit": "banana"
  },
  {
    "_id": "543c656d088ed3d70f6e65b1",
    "index": 25,
    "guid": "58dcdfe2-0e9f-418b-b616-eb456595e0d8",
    "isActive": true,
    "balance": "$1,588.84",
    "picture": "http://placehold.it/32x32",
    "age": 35,
    "eyeColor": "blue",
    "name": "Whitney Miller",
    "gender": "male",
    "company": "INFOTRIPS",
    "email": "whitneymiller@infotrips.com",
    "phone": "+1 (822) 535-2549",
    "address": "453 Tabor Court, Montura, Palau, 2594",
    "about": "Irure eu labore quis velit veniam enim laborum aute ullamco enim elit commodo ex veniam. Et eu qui ipsum nostrud in anim do ut ea. Sint proident aliqua et anim veniam aute deserunt sit ullamco sint. Exercitation ullamco ullamco ea aute voluptate esse.\r\n",
    "registered": "2014-08-19T22:09:53 +04:00",
    "latitude": -12.39571,
    "longitude": -138.822619,
    "tags": [
      "culpa",
      "occaecat",
      "in",
      "incididunt",
      "id",
      "in",
      "labore"
    ],
    "friends": [
      {
        "id": 0,
        "name": "Shana Baker"
      },
      {
        "id": 1,
        "name": "Shelley Best"
      },
      {
        "id": 2,
        "name": "Bates Mejia"
      }
    ],
    "greeting": "Hello, Whitney Miller! You have 5 unread messages.",
    "favoriteFruit": "strawberry"
  },
  {
    "_id": "543c656dbb07519748b57e56",
    "index": 26,
    "guid": "9fd8f9ec-21f5-4d8b-8d07-511633f9eec3",
    "isActive": false,
    "balance": "$3,000.38",
    "picture": "http://placehold.it/32x32",
    "age": 21,
    "eyeColor": "brown",
    "name": "Gay William",
    "gender": "female",
    "company": "BULLJUICE",
    "email": "gaywilliam@bulljuice.com",
    "phone": "+1 (851) 520-3442",
    "address": "367 Louis Place, Ahwahnee, Marshall Islands, 5786",
    "about": "Irure duis nulla eu magna amet tempor veniam est nulla ullamco elit laborum. Elit deserunt ex anim est proident in qui. Commodo Lorem labore et nisi nulla cillum.\r\n",
    "registered": "2014-02-05T11:46:25 +05:00",
    "latitude": -71.623495,
    "longitude": -48.169028,
    "tags": [
      "incididunt",
      "enim",
      "elit",
      "eu",
      "aliquip",
      "mollit",
      "quis"
    ],
    "friends": [
      {
        "id": 0,
        "name": "Thornton Turner"
      },
      {
        "id": 1,
        "name": "Mari Slater"
      },
      {
        "id": 2,
        "name": "Cruz Stone"
      }
    ],
    "greeting": "Hello, Gay William! You have 6 unread messages.",
    "favoriteFruit": "apple"
  },
  {
    "_id": "543c656d681c22d208f3b263",
    "index": 27,
    "guid": "ee5c8974-d648-4fd0-8ca6-e31b7c5bfd3f",
    "isActive": false,
    "balance": "$3,897.57",
    "picture": "http://placehold.it/32x32",
    "age": 22,
    "eyeColor": "green",
    "name": "Avery Bean",
    "gender": "male",
    "company": "GOLISTIC",
    "email": "averybean@golistic.com",
    "phone": "+1 (917) 484-3854",
    "address": "448 Seagate Avenue, Ivanhoe, Washington, 2390",
    "about": "Veniam voluptate aliqua et ex nostrud. Irure reprehenderit est amet cupidatat velit veniam culpa deserunt qui consectetur laboris proident enim qui. Et eiusmod incididunt ad duis consectetur amet exercitation nostrud eu. Magna laboris culpa qui do ipsum. Fugiat quis quis esse ipsum esse ipsum occaecat. Aliqua mollit aliqua tempor aliquip est consectetur exercitation laborum ut nostrud aute cupidatat minim.\r\n",
    "registered": "2014-04-02T01:29:21 +04:00",
    "latitude": 52.707285,
    "longitude": -101.327325,
    "tags": [
      "dolor",
      "est",
      "eu",
      "et",
      "cupidatat",
      "ad",
      "ad"
    ],
    "friends": [
      {
        "id": 0,
        "name": "Rios Knapp"
      },
      {
        "id": 1,
        "name": "Bertha Whitehead"
      },
      {
        "id": 2,
        "name": "Best Hutchinson"
      }
    ],
    "greeting": "Hello, Avery Bean! You have 7 unread messages.",
    "favoriteFruit": "banana"
  },
  {
    "_id": "543c656d7f0e089618b13204",
    "index": 28,
    "guid": "1072949a-922d-4626-9229-ae2e20b1fcb6",
    "isActive": true,
    "balance": "$1,959.26",
    "picture": "http://placehold.it/32x32",
    "age": 40,
    "eyeColor": "brown",
    "name": "Blanca Gonzalez",
    "gender": "female",
    "company": "GEEKMOSIS",
    "email": "blancagonzalez@geekmosis.com",
    "phone": "+1 (993) 487-3049",
    "address": "809 Montgomery Street, Stouchsburg, Missouri, 326",
    "about": "Deserunt duis incididunt ut proident incididunt nostrud elit aliquip cupidatat officia elit esse incididunt. Minim deserunt aute aute est officia nostrud aute magna eu pariatur aute laboris. Ut Lorem qui excepteur enim non non et reprehenderit.\r\n",
    "registered": "2014-03-20T16:47:02 +04:00",
    "latitude": -21.249171,
    "longitude": -66.02394,
    "tags": [
      "commodo",
      "excepteur",
      "exercitation",
      "cillum",
      "eiusmod",
      "irure",
      "anim"
    ],
    "friends": [
      {
        "id": 0,
        "name": "Doyle Sloan"
      },
      {
        "id": 1,
        "name": "Valenzuela Strong"
      },
      {
        "id": 2,
        "name": "Tammie Warren"
      }
    ],
    "greeting": "Hello, Blanca Gonzalez! You have 8 unread messages.",
    "favoriteFruit": "strawberry"
  },
  {
    "_id": "543c656dac8d3c0be0fd3055",
    "index": 29,
    "guid": "4859cb50-0d03-4de3-8de7-679836456b85",
    "isActive": false,
    "balance": "$3,620.54",
    "picture": "http://placehold.it/32x32",
    "age": 31,
    "eyeColor": "brown",
    "name": "Howe Martin",
    "gender": "male",
    "company": "ENJOLA",
    "email": "howemartin@enjola.com",
    "phone": "+1 (857) 481-3770",
    "address": "508 Pulaski Street, Naomi, Florida, 8928",
    "about": "Do nulla nisi do et culpa reprehenderit nostrud amet voluptate irure in elit mollit Lorem. Laboris do labore aute ad aliquip qui irure nostrud quis eu. Lorem laboris sint occaecat fugiat Lorem sint. Dolore aliqua id officia eu tempor enim nisi sit mollit. Ullamco anim anim reprehenderit dolore sunt.\r\n",
    "registered": "2014-09-04T11:40:12 +04:00",
    "latitude": 36.48932,
    "longitude": 149.514923,
    "tags": [
      "nostrud",
      "incididunt",
      "ad",
      "eu",
      "ex",
      "nostrud",
      "dolor"
    ],
    "friends": [
      {
        "id": 0,
        "name": "Gonzales Cohen"
      },
      {
        "id": 1,
        "name": "Gayle Griffin"
      },
      {
        "id": 2,
        "name": "Amalia Lyons"
      }
    ],
    "greeting": "Hello, Howe Martin! You have 3 unread messages.",
    "favoriteFruit": "banana"
  },
  {
    "_id": "543c656df6feddedade4be5e",
    "index": 30,
    "guid": "d84e2812-7c18-4126-9ce7-a65a9a9514f9",
    "isActive": true,
    "balance": "$1,427.55",
    "picture": "http://placehold.it/32x32",
    "age": 22,
    "eyeColor": "green",
    "name": "Leah Hoffman",
    "gender": "female",
    "company": "KINDALOO",
    "email": "leahhoffman@kindaloo.com",
    "phone": "+1 (998) 415-2552",
    "address": "890 Bush Street, Freetown, Georgia, 2047",
    "about": "Nisi culpa id incididunt nulla reprehenderit consequat enim. Tempor consectetur do cillum velit exercitation consectetur eu. Eiusmod quis culpa deserunt magna irure ipsum amet ea qui. Esse mollit deserunt commodo in Lorem.\r\n",
    "registered": "2014-09-18T10:20:58 +04:00",
    "latitude": -35.636424,
    "longitude": -174.759119,
    "tags": [
      "anim",
      "fugiat",
      "irure",
      "consequat",
      "exercitation",
      "dolor",
      "deserunt"
    ],
    "friends": [
      {
        "id": 0,
        "name": "Cherry Hayden"
      },
      {
        "id": 1,
        "name": "Black Mullins"
      },
      {
        "id": 2,
        "name": "Jessie Leblanc"
      }
    ],
    "greeting": "Hello, Leah Hoffman! You have 3 unread messages.",
    "favoriteFruit": "strawberry"
  },
  {
    "_id": "543c656d610d2f843a9f52a5",
    "index": 31,
    "guid": "f1942465-dea5-4c31-bfe3-32317fc3ea7e",
    "isActive": true,
    "balance": "$1,678.30",
    "picture": "http://placehold.it/32x32",
    "age": 31,
    "eyeColor": "blue",
    "name": "Victoria Schultz",
    "gender": "female",
    "company": "COMTRACT",
    "email": "victoriaschultz@comtract.com",
    "phone": "+1 (841) 495-3342",
    "address": "159 Apollo Street, Franklin, New Jersey, 9665",
    "about": "Aute excepteur dolore pariatur proident pariatur labore veniam sint proident excepteur. Ut pariatur excepteur et cillum et consequat duis est proident irure. Eiusmod cillum tempor enim ea laboris proident exercitation do occaecat magna qui.\r\n",
    "registered": "2014-01-06T05:05:30 +05:00",
    "latitude": -13.863147,
    "longitude": -179.18028,
    "tags": [
      "mollit",
      "eiusmod",
      "excepteur",
      "eu",
      "quis",
      "aute",
      "deserunt"
    ],
    "friends": [
      {
        "id": 0,
        "name": "Sosa Mayer"
      },
      {
        "id": 1,
        "name": "Howell Solis"
      },
      {
        "id": 2,
        "name": "Amber Reed"
      }
    ],
    "greeting": "Hello, Victoria Schultz! You have 10 unread messages.",
    "favoriteFruit": "strawberry"
  },
  {
    "_id": "543c656d3ee73f361a3e2fda",
    "index": 32,
    "guid": "c94b2975-3ca7-411b-8e8a-423471a30c92",
    "isActive": true,
    "balance": "$1,752.91",
    "picture": "http://placehold.it/32x32",
    "age": 40,
    "eyeColor": "green",
    "name": "Karen Ramos",
    "gender": "female",
    "company": "COLAIRE",
    "email": "karenramos@colaire.com",
    "phone": "+1 (878) 521-2526",
    "address": "771 Visitation Place, Sabillasville, Wyoming, 8879",
    "about": "Elit veniam dolor duis ex culpa ullamco. Dolor consectetur nulla aliqua ex. Cupidatat nulla tempor esse in irure occaecat irure ullamco qui. Eiusmod ex irure proident esse voluptate Lorem aliqua nulla non. Do proident ad aliquip nisi ad nisi enim aliqua id.\r\n",
    "registered": "2014-07-21T19:22:56 +04:00",
    "latitude": 46.38404,
    "longitude": -109.713553,
    "tags": [
      "officia",
      "elit",
      "ea",
      "magna",
      "ullamco",
      "minim",
      "non"
    ],
    "friends": [
      {
        "id": 0,
        "name": "Leach Huber"
      },
      {
        "id": 1,
        "name": "Cobb Medina"
      },
      {
        "id": 2,
        "name": "Webb Carson"
      }
    ],
    "greeting": "Hello, Karen Ramos! You have 6 unread messages.",
    "favoriteFruit": "apple"
  },
  {
    "_id": "543c656dde0aef82b0808577",
    "index": 33,
    "guid": "0a7a6aa0-3373-42a8-8acb-a8384fb6854a",
    "isActive": false,
    "balance": "$2,937.35",
    "picture": "http://placehold.it/32x32",
    "age": 28,
    "eyeColor": "brown",
    "name": "Alissa Pearson",
    "gender": "female",
    "company": "SULTRAXIN",
    "email": "alissapearson@sultraxin.com",
    "phone": "+1 (894) 491-2670",
    "address": "924 Tapscott Avenue, Caron, Wisconsin, 2241",
    "about": "Tempor pariatur est et occaecat. Ut qui in ea occaecat culpa mollit qui consequat culpa consequat culpa magna magna proident. Cillum mollit ullamco cupidatat qui nulla in laborum quis sunt id minim ut. Laborum nisi eiusmod aliquip aliquip culpa fugiat minim aliquip in labore adipisicing sit est.\r\n",
    "registered": "2014-03-12T13:30:25 +04:00",
    "latitude": 84.296495,
    "longitude": 162.592256,
    "tags": [
      "mollit",
      "fugiat",
      "eiusmod",
      "laborum",
      "duis",
      "Lorem",
      "consectetur"
    ],
    "friends": [
      {
        "id": 0,
        "name": "Tricia Vinson"
      },
      {
        "id": 1,
        "name": "Carolina Mcknight"
      },
      {
        "id": 2,
        "name": "Brigitte Barron"
      }
    ],
    "greeting": "Hello, Alissa Pearson! You have 4 unread messages.",
    "favoriteFruit": "apple"
  },
  {
    "_id": "543c656d12df33dbfd41a6eb",
    "index": 34,
    "guid": "480ffdf4-78a9-4efa-b178-c23e3e243b3f",
    "isActive": true,
    "balance": "$1,858.03",
    "picture": "http://placehold.it/32x32",
    "age": 28,
    "eyeColor": "blue",
    "name": "Marcie Caldwell",
    "gender": "female",
    "company": "SPEEDBOLT",
    "email": "marciecaldwell@speedbolt.com",
    "phone": "+1 (841) 566-3695",
    "address": "802 Beacon Court, Guthrie, Guam, 4280",
    "about": "Velit velit aute commodo quis amet incididunt qui est officia laborum nostrud. Ullamco ipsum esse laborum ex magna aliquip. Nostrud reprehenderit est enim et nisi.\r\n",
    "registered": "2014-04-21T01:42:17 +04:00",
    "latitude": -54.760031,
    "longitude": -29.745311,
    "tags": [
      "nostrud",
      "consectetur",
      "et",
      "id",
      "exercitation",
      "aute",
      "reprehenderit"
    ],
    "friends": [
      {
        "id": 0,
        "name": "Helen Townsend"
      },
      {
        "id": 1,
        "name": "Kaye Allison"
      },
      {
        "id": 2,
        "name": "Socorro Wright"
      }
    ],
    "greeting": "Hello, Marcie Caldwell! You have 3 unread messages.",
    "favoriteFruit": "strawberry"
  },
  {
    "_id": "543c656da5cc94cd61bc2fad",
    "index": 35,
    "guid": "f66016ac-28b7-44d0-b3d3-b240912a43c4",
    "isActive": true,
    "balance": "$2,169.18",
    "picture": "http://placehold.it/32x32",
    "age": 34,
    "eyeColor": "blue",
    "name": "Morse Phillips",
    "gender": "male",
    "company": "KYAGURU",
    "email": "morsephillips@kyaguru.com",
    "phone": "+1 (824) 401-2650",
    "address": "496 Robert Street, Faywood, Montana, 1007",
    "about": "Ex fugiat mollit minim consectetur id laborum. Non occaecat ad consequat sint aliqua enim elit do aute culpa sit adipisicing. Aute est magna sit enim anim nostrud irure in nisi ea sunt consectetur ut qui.\r\n",
    "registered": "2014-08-12T12:05:10 +04:00",
    "latitude": -40.406641,
    "longitude": 58.141223,
    "tags": [
      "minim",
      "magna",
      "esse",
      "velit",
      "ut",
      "eiusmod",
      "exercitation"
    ],
    "friends": [
      {
        "id": 0,
        "name": "Frankie Summers"
      },
      {
        "id": 1,
        "name": "James Berg"
      },
      {
        "id": 2,
        "name": "Herrera Richard"
      }
    ],
    "greeting": "Hello, Morse Phillips! You have 6 unread messages.",
    "favoriteFruit": "apple"
  },
  {
    "_id": "543c656d7a9d21dfb55cd990",
    "index": 36,
    "guid": "a89ec54e-33ad-4d7e-bd07-bc6172707882",
    "isActive": true,
    "balance": "$3,881.30",
    "picture": "http://placehold.it/32x32",
    "age": 39,
    "eyeColor": "blue",
    "name": "Kemp Floyd",
    "gender": "male",
    "company": "VIRXO",
    "email": "kempfloyd@virxo.com",
    "phone": "+1 (990) 518-2736",
    "address": "810 Plymouth Street, Glasgow, Massachusetts, 6162",
    "about": "Exercitation laborum qui occaecat magna occaecat laborum labore aliqua deserunt elit proident irure deserunt magna. Deserunt pariatur ipsum esse anim aliquip. Sint dolor aliquip amet dolor sunt exercitation proident commodo reprehenderit ut consequat dolor. Ad culpa deserunt id reprehenderit do elit in cillum. Commodo cillum duis ea irure est et sit exercitation anim reprehenderit qui.\r\n",
    "registered": "2014-09-07T09:45:25 +04:00",
    "latitude": -2.100974,
    "longitude": -20.505102,
    "tags": [
      "pariatur",
      "nostrud",
      "irure",
      "cupidatat",
      "excepteur",
      "officia",
      "adipisicing"
    ],
    "friends": [
      {
        "id": 0,
        "name": "Jefferson Brown"
      },
      {
        "id": 1,
        "name": "Leanne Warner"
      },
      {
        "id": 2,
        "name": "Kaufman Mcclain"
      }
    ],
    "greeting": "Hello, Kemp Floyd! You have 4 unread messages.",
    "favoriteFruit": "apple"
  },
  {
    "_id": "543c656d5702dd90cc7a5b05",
    "index": 37,
    "guid": "0acc2351-c966-4bb9-b79f-0559a5f3374e",
    "isActive": false,
    "balance": "$3,451.80",
    "picture": "http://placehold.it/32x32",
    "age": 38,
    "eyeColor": "blue",
    "name": "Olivia Arnold",
    "gender": "female",
    "company": "ELPRO",
    "email": "oliviaarnold@elpro.com",
    "phone": "+1 (998) 490-2108",
    "address": "322 Orient Avenue, Gasquet, Iowa, 6382",
    "about": "In id quis Lorem irure quis veniam. Voluptate sint ad dolore aliqua commodo anim esse do ipsum tempor ea proident. Aute excepteur culpa mollit ullamco sint incididunt cupidatat id est non. Est proident occaecat nisi id irure id. Excepteur consequat voluptate fugiat consectetur nisi aute eiusmod in voluptate. Sunt fugiat tempor commodo adipisicing consectetur irure. Amet est excepteur sit cupidatat.\r\n",
    "registered": "2014-02-04T19:06:58 +05:00",
    "latitude": 52.632805,
    "longitude": 48.755051,
    "tags": [
      "duis",
      "irure",
      "cillum",
      "dolor",
      "officia",
      "culpa",
      "veniam"
    ],
    "friends": [
      {
        "id": 0,
        "name": "Juliana Cortez"
      },
      {
        "id": 1,
        "name": "Travis Mckenzie"
      },
      {
        "id": 2,
        "name": "Elisa Cabrera"
      }
    ],
    "greeting": "Hello, Olivia Arnold! You have 10 unread messages.",
    "favoriteFruit": "strawberry"
  },
  {
    "_id": "543c656dfd8002ba891ec924",
    "index": 38,
    "guid": "459e4802-99de-407c-a7a6-68e8d4e7163e",
    "isActive": true,
    "balance": "$1,802.12",
    "picture": "http://placehold.it/32x32",
    "age": 37,
    "eyeColor": "green",
    "name": "Boyer Lowery",
    "gender": "male",
    "company": "FANFARE",
    "email": "boyerlowery@fanfare.com",
    "phone": "+1 (985) 401-3084",
    "address": "635 Crawford Avenue, Stewartville, Louisiana, 5832",
    "about": "Irure non incididunt deserunt dolor est. In mollit reprehenderit qui Lorem proident Lorem do. Nostrud dolor quis consequat dolor eu proident culpa deserunt et eiusmod. Sint dolor cupidatat eu velit est ut sunt anim sint tempor consectetur. Duis magna non excepteur veniam nisi occaecat proident cupidatat. Qui ea eu ullamco irure non enim nisi. Labore est tempor ullamco proident proident id veniam.\r\n",
    "registered": "2014-02-01T09:17:22 +05:00",
    "latitude": 84.260861,
    "longitude": -76.046695,
    "tags": [
      "nulla",
      "ea",
      "elit",
      "esse",
      "duis",
      "cupidatat",
      "reprehenderit"
    ],
    "friends": [
      {
        "id": 0,
        "name": "Mallory Evans"
      },
      {
        "id": 1,
        "name": "Madden Ball"
      },
      {
        "id": 2,
        "name": "Haley Marshall"
      }
    ],
    "greeting": "Hello, Boyer Lowery! You have 8 unread messages.",
    "favoriteFruit": "strawberry"
  }
]